{
  "recipes": [
    {
      "makerId": "Sieve01",
      "ingredients": ["Mepssalgaru"],
      "resultSprite": "Sieve_Mepssalgaru"
    },
    {
      "makerId": "Sieve02",
      "ingredients": ["Mepssalgaru"],
      "resultSprite": "Sieve_Mepssalgaru"
    },
    {
      "makerId": "Sieve03",
      "ingredients": [ "Mepssalgaru" ],
      "resultSprite": "Sieve_Mepssalgaru"
    },
    {
      "makerId": "Mixing01",
      "ingredients": [ "Sieve_Mepssalgaru", "Sugar", "Salt" ],
      "resultSprite": "Mixing_Mepssalgaru"
    },
    {
      "makerId": "Mixing02",
      "ingredients": [ "Sieve_Mepssalgaru", "Sugar", "Salt" ],
      "resultSprite": "Mixing_Mepssalgaru"
    },
    {
      "makerId": "Siru01",
      "ingredients": [ "Mixing_Mepssalgaru" ],
      "resultSprite": "Siru_Mepssalgaru"
    },
    {
      "makerId": "Siru02",
      "ingredients": [ "Mixing_Mepssalgaru" ],
      "resultSprite": "Siru_Mepssalgaru"
    }
  ]
}