{
  "entries": [
    {
      "name": "백설기",
      "image": "Baekseolgi",
      "description": "하얗고 깨끗한 색을 지녀 예로부터 순수와 복을 상징하는 떡.\n특히 아이의 첫 생일이나 집안의 경사스러운 날에\n빠지지 않고 올린다.",
      "recipe": [
        "1. 맵쌀가루를 체에 친다.",
        "2. 물을 소량씩 넣으며 반죽한다.",
        "3. 찜기에 넣고 찐다.",
        "4. 적당한 크기로 자른다."
      ],
      "category": "떡"
    },
    {
      "name": "시루떡",
      "image": "Sirutteok",
      "description": "고사, 제사, 돌잔치, 입학식 등\n중요한 날에 행운과 건강, 번영을 기원하는 떡.",
      "recipe": [
        "1. 멥쌀가루를 체에 친다.",
        "2. 팥을 으깨어 앙금을 만든다.",
        "3. 찜기에 팥 앙금과 멥쌀가루를 찐다.",
        "4. 적당한 크기로 자른다."
      ],
      "category": "떡"
    },
    {
      "name": "단호박설기",
      "image": "Danhobakseolgi",
      "description": "단호박의 노란 빛은\n예로부터 복과 태양을 상징했다고.",
      "recipe": [
        "1. 맵쌀가루를 체에 친다.",
        "2. 단호박가루와 멥쌀가루를 섞는다.",
        "3. 물을 소량씩 넣으며 반죽한다.",
        "4. 적당한 크기로 자른다."
      ],
      "category": "떡"
    },
    {
      "name": "유자차",
      "image": "Yujacha",
      "description": "수백 년 전부터 먹어왔다는 기록이 있다..\n새콤달콤한 디저트가 당길 때 강력 추천.",
      "recipe": [
        "1. 유자로 청을 만든다.",
        "2. 유자청으로 차를 끓인다."
      ],
      "category": "음료"
    }
  ]
}